{
    "1a368e54-0a0a28a0-c5be7bc2-8a4c7492-aa9d3468": {
        "preds": {
            "Atelectasis": {
    "1a368e54-0a0a28a0-c5be7bc2-8a4c7492-aa9d3468": {
        "preds": {
            "Atelectasis": 0.01604628935456276,
            "Consolidation": 0.06333114206790924,
            "Infiltration": 0.50068199634552,
            "Pneumothorax": 0.1097540408372879,
            "Edema": 0.0004006386152468622,
            "Emphysema": 0.06819084286689758,
            "Fibrosis": 0.40727564692497253,
            "Effusion": 0.008569926023483276,
            "Pneumonia": 0.01066642440855503,
            "Pleural_Thickening": 0.157575324177742,
            "Cardiomegaly": 0.003062179544940591,
            "Nodule": 0.22967086732387543,
            "Mass": 0.0240970179438591,
            "Hernia": 0.0003268554573878646,
            "Lung Lesion": 0.0013991481391713023,
            "Fracture": 0.06607150286436081,
            "Lung Opacity": 0.04879947006702423,
            "Enlarged Cardiomediastinum": 0.01637805439531803
        }
    }
}
{
    "89713983-98986f53-c67e566f-6786c944-1697687d": {
        "preds": {
            "Atelectasis": 0.15346969664096832,
            "Consolidation": 0.5194329023361206,
            "Infiltration": 0.5784845948219299,
            "Pneumothorax": 0.5025343894958496,
            "Edema": 0.24107249081134796,
            "Emphysema": 0.5052883625030518,
            "Fibrosis": 0.5171958208084106,
            "Effusion": 0.20843873918056488,
            "Pneumonia": 0.4212449789047241,
            "Pleural_Thickening": 0.5043983459472656,
            "Cardiomegaly": 0.20302054286003113,
            "Nodule": 0.5085254907608032,
            "Mass": 0.5129674673080444,
            "Hernia": 0.005678038578480482,
            "Lung Lesion": 0.02589409239590168,
            "Fracture": 0.3294213116168976,
            "Lung Opacity": 0.85895836353302,
            "Enlarged Cardiomediastinum": 0.542718231678009
        }
    }
}
{
    "1f2d2901-0e995924-103fdbf4-8aacb8be-4279c8da": {
        "preds": {
            "Atelectasis": 0.45962047576904297,
            "Consolidation": 0.5120046734809875,
            "Infiltration": 0.5200753211975098,
            "Pneumothorax": 0.5002522468566895,
            "Edema": 0.02892387844622135,
            "Emphysema": 0.4296107888221741,
            "Fibrosis": 0.5042256116867065,
            "Effusion": 0.41277891397476196,
            "Pneumonia": 0.0033203018829226494,
            "Pleural_Thickening": 0.4665067791938782,
            "Cardiomegaly": 0.3344377875328064,
            "Nodule": 0.5223313570022583,
            "Mass": 0.6008875370025635,
            "Hernia": 0.03917599096894264,
            "Lung Lesion": 0.01823897659778595,
            "Fracture": 0.5060263276100159,
            "Lung Opacity": 0.798197329044342,
            "Enlarged Cardiomediastinum": 0.5038244724273682
        }
    }
}
{
    "70d0117e-60d4002b-cbbe9042-3b57555a-e88bfd99": {
        "preds": {
            "Atelectasis": 0.03220725059509277,
            "Consolidation": 0.07026272267103195,
            "Infiltration": 0.20840871334075928,
            "Pneumothorax": 0.09831628203392029,
            "Edema": 0.0001141489265137352,
            "Emphysema": 0.011515584774315357,
            "Fibrosis": 0.17967158555984497,
            "Effusion": 0.012050416320562363,
            "Pneumonia": 0.00021485077741090208,
            "Pleural_Thickening": 0.0807470977306366,
            "Cardiomegaly": 0.0014861030504107475,
            "Nodule": 0.20041631162166595,
            "Mass": 0.21084102988243103,
            "Hernia": 0.004596921615302563,
            "Lung Lesion": 7.430647383444011e-05,
            "Fracture": 0.06758308410644531,
            "Lung Opacity": 0.11303892731666565,
            "Enlarged Cardiomediastinum": 0.005959068890661001
        }
    }
}
{
    "76a9a673-cdfbc0e8-efa364cc-27c25423-aad7ec6c": {
        "preds": {
            "Atelectasis": 0.10826798528432846,
            "Consolidation": 0.07364124804735184,
            "Infiltration": 0.5286621451377869,
            "Pneumothorax": 0.030638134106993675,
            "Edema": 0.0038549602031707764,
            "Emphysema": 0.0207509845495224,
            "Fibrosis": 0.08503155410289764,
            "Effusion": 0.031628482043743134,
            "Pneumonia": 0.00460966769605875,
            "Pleural_Thickening": 0.042469341307878494,
            "Cardiomegaly": 0.21870584785938263,
            "Nodule": 0.4212627410888672,
            "Mass": 0.14387576282024384,
            "Hernia": 0.0004794976266566664,
            "Lung Lesion": 0.010468046180903912,
            "Fracture": 0.16109967231750488,
            "Lung Opacity": 0.05671532079577446,
            "Enlarged Cardiomediastinum": 0.06396210193634033
        }
    }
}
{
    "f816ed6a-8177f2bc-53267934-dc56e141-86749fb2": {
        "preds": {
            "Atelectasis": 0.5175440907478333,
            "Consolidation": 0.5020502805709839,
            "Infiltration": 0.5068472623825073,
            "Pneumothorax": 0.5005204081535339,
            "Edema": 0.08272043615579605,
            "Emphysema": 0.5009454488754272,
            "Fibrosis": 0.31148576736450195,
            "Effusion": 0.21535512804985046,
            "Pneumonia": 0.1079392284154892,
            "Pleural_Thickening": 0.2216394692659378,
            "Cardiomegaly": 0.3349800705909729,
            "Nodule": 0.5061432719230652,
            "Mass": 0.5325149297714233,
            "Hernia": 0.17179334163665771,
            "Lung Lesion": 0.018457112833857536,
            "Fracture": 0.5248175859451294,
            "Lung Opacity": 0.5786169767379761,
            "Enlarged Cardiomediastinum": 0.5024027824401855
        }
    }
}
{
    "8206ee5f-8f834b42-042e6a40-705b72da-bc7ce3a3": {
        "preds": {
            "Atelectasis": 0.1597181260585785,
            "Consolidation": 0.09200051426887512,
            "Infiltration": 0.2759729325771332,
            "Pneumothorax": 0.23921021819114685,
            "Edema": 0.0133611299097538,
            "Emphysema": 0.5011017918586731,
            "Fibrosis": 0.5206658840179443,
            "Effusion": 0.05137499421834946,
            "Pneumonia": 0.02050592191517353,
            "Pleural_Thickening": 0.33730435371398926,
            "Cardiomegaly": 0.3030030131340027,
            "Nodule": 0.5020118951797485,
            "Mass": 0.22735917568206787,
            "Hernia": 0.009252035990357399,
            "Lung Lesion": 0.012710033915936947,
            "Fracture": 0.056266169995069504,
            "Lung Opacity": 0.15433242917060852,
            "Enlarged Cardiomediastinum": 0.07973059266805649
        }
    }
}
{
    "25cc82b9-38583a9e-8a08fc15-f4892024-28b8584b": {
        "preds": {
            "Atelectasis": 0.27878955006599426,
            "Consolidation": 0.5036929845809937,
            "Infiltration": 0.3854469954967499,
            "Pneumothorax": 0.5014466047286987,
            "Edema": 0.01188227254897356,
            "Emphysema": 0.5001379251480103,
            "Fibrosis": 0.5019639730453491,
            "Effusion": 0.24605154991149902,
            "Pneumonia": 0.004015889950096607,
            "Pleural_Thickening": 0.5011729001998901,
            "Cardiomegaly": 0.08004551380872726,
            "Nodule": 0.4687342941761017,
            "Mass": 0.5534508228302002,
            "Hernia": 0.026968492195010185,
            "Lung Lesion": 0.0031232184264808893,
            "Fracture": 0.505918025970459,
            "Lung Opacity": 0.7040538787841797,
            "Enlarged Cardiomediastinum": 0.49414870142936707
        }
    }
}
{
    "b8eaee70-ed5ace3a-2f77895e-8105e3d3-ec3508ce": {
        "preds": {
            "Atelectasis": 0.1118377149105072,
            "Consolidation": 0.057018134742975235,
            "Infiltration": 0.27783793210983276,
            "Pneumothorax": 0.0847952589392662,
            "Edema": 5.7818670029519126e-05,